Country,Session,Timezone,Start Date,Start Time,End Date,End Time,Circuit,Title
Haas F1 Team,Car Launch,,31/01/2023,,31/01/2023,,,MoneyGram Haas F1 Team
Red Bull Racing,Car Launch,,03/02/2023,,03/02/2023,,,Oracle Red Bull Racing
Williams,Car Launch,,06/02/2023,,06/02/2023,,,Williams Racing
Alfa Romeo,Car Launch,,07/02/2023,,07/02/2023,,,Alfa Romeo F1 Team ORLEN
AlphaTauri,Car Launch,,11/02/2023,,11/02/2023,,,Scuderia AlphaTauri
McLaren,Car Launch,Europe/London,13/02/2023,17:00,13/02/2023,17:30,,McLaren Formula 1 Team
Aston Martin,Car Launch,Europe/London,13/02/2023,19:00,13/02/2023,19:30,,Aston Martin Aramco Cognizant Formula One Team
Ferrari,Car Launch,Europe/Rome,14/02/2023,11;25,14/02/2023,11;55,,Scuderia Ferrari
Mercedes,Car Launch,Europe/London,15/02/2023,09:15,15/02/2023,10:00,,Mercedes-AMG PETRONAS Formula One Team
Alpine,Car Launch,,16/02/2023,19:00,16/02/2023,19:30,,BWT Alpine F1 Team
Bahrain,Testing,Asia/Qatar,23/02/2023,10:00,23/02/2023,19:30,Bahrain International Circuit,Pre-Season Test
Bahrain,Testing,Asia/Qatar,24/02/2023,10:00,24/02/2023,19:30,Bahrain International Circuit,Pre-Season Test
Bahrain,Testing,Asia/Qatar,25/02/2023,10:00,25/02/2023,19:30,Bahrain International Circuit,Pre-Season Test
Bahrain,Qualifying,Asia/Qatar,04/03/2023,18:00,04/03/2023,19:00,Bahrain International Circuit,Gulf Air Bahrain Grand Prix
Bahrain,Race,Asia/Qatar,05/03/2023,18:00,05/03/2023,20:00,Bahrain International Circuit,Gulf Air Bahrain Grand Prix
Saudi Arabia,Qualifying,Asia/Qatar,18/03/2023,20:00,18/03/2023,21:00,Jeddah Corniche Circuit,STC Saudi Arabian Grand Prix
Saudi Arabia,Race,Asia/Qatar,19/03/2023,20:00,19/03/2023,22:00,Jeddah Corniche Circuit,STC Saudi Arabian Grand Prix
Australia,Qualifying,Australia/Melbourne,01/04/2023,16:00,01/04/2023,17:00,Melbourne Grand Prix Circuit,Rolex Australian Grand Prix
Australia,Race,Australia/Melbourne,02/04/2023,15:00,02/04/2023,17:00,Melbourne Grand Prix Circuit,Rolex Australian Grand Prix
Azerbaijan,Qualifying,Asia/Baku,28/04/2023,17:00,28/04/2023,18:00,Baku City Circuit,Azerbaijan Grand Prix
Azerbaijan,Sprint Shootout,Asia/Baku,29/04/2023,12:30,29/04/2023,13:15,Baku City Circuit,Azerbaijan Grand Prix
Azerbaijan,Sprint Race,Asia/Baku,29/04/2023,17:30,29/04/2023,18:00,Baku City Circuit,Azerbaijan Grand Prix
Azerbaijan,Race,Asia/Baku,30/04/2023,15:00,30/04/2023,17:00,Baku City Circuit,Azerbaijan Grand Prix
Miami,Qualifying,America/New_York,06/05/2023,16:00,06/05/2023,17:00,Miami International Autodrome,crypto.com Miami Grand Prix
Miami,Race,America/New_York,07/05/2023,15:30,07/05/2023,17:30,Miami International Autodrome,crypto.com Miami Grand Prix
Monaco,Qualifying,Europe/Paris,27/05/2023,16:00,27/05/2023,17:00,Circuit de Monaco,Grand Prix de Monaco
Monaco,Race,Europe/Paris,28/05/2023,15:00,28/05/2023,17:00,Circuit de Monaco,Grand Prix de Monaco
Spain,Qualifying,Europe/Madrid,03/06/2023,16:00,03/06/2023,17:00,Circuit de Barcelona-Catalunya,Gran Premio de España
Spain,Race,Europe/Madrid,04/06/2023,15:00,04/06/2023,17:00,Circuit de Barcelona-Catalunya,Gran Premio de España
Canada,Qualifying,America/Montreal,17/06/2023,16:00,17/06/2023,17:00,Circuit Gilles-Villeneuve,Grand Prix du Canada
Canada,Race,America/Montreal,18/06/2023,14:00,18/06/2023,16:00,Circuit Gilles-Villeneuve,Grand Prix du Canada
Austria,Qualifying,Europe/Vienna,30/06/2023,17:00,30/06/2023,18:00,Red Bull Ring,Grosser Preis von Österreich
Austria,Sprint Shootout,Europe/Vienna,01/07/2023,12:00,01/07/2023,12:45,Red Bull Ring,Grosser Preis von Österreich
Austria,Sprint Race,Europe/Vienna,01/07/2023,16:30,01/07/2023,17:30,Red Bull Ring,Grosser Preis von Österreich
Austria,Race,Europe/Vienna,02/07/2023,15:00,02/07/2023,17:00,Red Bull Ring,Grosser Preis von Österreich
Great Britain,Qualifying,Europe/London,08/07/2023,15:00,08/07/2023,16:00,Silverstone,Aramco British Grand Prix
Great Britain,Race,Europe/London,09/07/2023,15:00,09/07/2023,17:00,Silverstone,Aramco British Grand Prix
Hungary,Qualifying,Europe/Budapest,22/07/2023,16:00,22/07/2023,17:00,Hungaroring,Magyar Nagydíj
Hungary,Race,Europe/Budapest,23/07/2023,15:00,23/07/2023,17:00,Hungaroring,Magyar Nagydíj
Belgium,Qualifying,Europe/Brussels,28/07/2023,17:00,28/07/2023,18:00,Circuit de Spa-Francorchamps,Belgian Grand Prix
Belgium,Sprint Shootout,Europe/Brussels,29/07/2023,12:00,29/07/2023,12:45,Circuit de Spa-Francorchamps,Belgian Grand Prix
Belgium,Sprint Race,Europe/Brussels,29/07/2023,16:30,29/07/2023,17:30,Circuit de Spa-Francorchamps,Belgian Grand Prix
Belgium,Race,Europe/Brussels,30/07/2023,15:00,30/07/2023,17:00,Circuit de Spa-Francorchamps,Belgian Grand Prix
Netherlands,Qualifying,Europe/Amsterdam,26/08/2023,15:00,26/08/2023,16:00,Circuit Zandvoort,Heineken Dutch Grand Prix
Netherlands,Race,Europe/Amsterdam,27/08/2023,15:00,27/08/2023,17:00,Circuit Zandvoort,Heineken Dutch Grand Prix
Italy,Qualifying,Europe/Rome,02/09/2023,16:00,02/09/2023,17:00,Autodromo Nazionale Monza,Gran Premio d'Italia
Italy,Race,Europe/Rome,03/09/2023,15:00,03/09/2023,17:00,Autodromo Nazionale Monza,Gran Premio d'Italia
Singapore,Qualifying,Asia/Singapore,16/09/2023,21:00,16/09/2023,22:00,Marina Bay Street Circuit,Singapore Airlines Singapore Grand Prix
Singapore,Race,Asia/Singapore,17/09/2023,20:00,17/09/2023,22:00,Marina Bay Street Circuit,Singapore Airlines Singapore Grand Prix
Japan,Qualifying,Asia/Tokyo,23/09/2023,15:00,23/09/2023,16:00,Suzuka International Racing Course,Lenovo Japanese Grand Prix
Japan,Race,Asia/Tokyo,24/09/2023,14:00,24/09/2023,16:00,Suzuka International Racing Course,Lenovo Japanese Grand Prix
Qatar,Qualifying,Asia/Qatar,06/10/2023,20:00,06/10/2023,21:00,Lusail International Circuit,Qatar Grand Prix
Qatar,Sprint Shootout,Asia/Qatar,07/10/2023,16:00,07/10/2023,16:50,Lusail International Circuit,Qatar Grand Prix
Qatar,Sprint Race,Asia/Qatar,07/10/2023,20:30,07/10/2023,21:00,Lusail International Circuit,Qatar Grand Prix
Qatar,Race,Asia/Qatar,08/10/2023,20:00,08/10/2023,22:00,Lusail International Circuit,Qatar Grand Prix
USA,Qualifying,America/Chicago,20/10/2023,16:00,20/10/2023,17:00,Circuit of The Americas,Lenovo United States Grand Prix
USA,Sprint Shootout,America/Chicago,21/10/2023,12:30,21/10/2023,13:15,Circuit of The Americas,Lenovo United States Grand Prix
USA,Sprint Race,America/Chicago,21/10/2023,17:00,21/10/2023,18:00,Circuit of The Americas,Lenovo United States Grand Prix
USA,Race,America/Chicago,22/10/2023,14:00,22/10/2023,16:00,Circuit of The Americas,Lenovo United States Grand Prix
Mexico,Qualifying,America/Mexico_City,28/10/2023,15:00,28/10/2023,16:00,Autódromo Hermanos Rodríguez,Gran Premio de la Ciudad de México
Mexico,Race,America/Mexico_City,29/10/2023,14:00,29/10/2023,16:00,Autódromo Hermanos Rodríguez,Gran Premio de la Ciudad de México
Brazil,Qualifying,America/Soa_Paulo,03/11/2023,15:00,03/11/2023,16:00,Autódromo José Carlos Pace,Rolex Grande Prêmio de São Paulo
Brazil,Sprint Shootout,America/Soa_Paulo,04/11/2023,11:00,04/11/2023,11:45,Autódromo José Carlos Pace,Rolex Grande Prêmio de São Paulo
Brazil,Sprint Race,America/Soa_Paulo,04/11/2023,15:30,04/11/2023,16:30,Autódromo José Carlos Pace,Rolex Grande Prêmio de São Paulo
Brazil,Race,America/Soa_Paulo,05/11/2023,14:00,05/11/2023,16:00,Autódromo José Carlos Pace,Rolex Grande Prêmio de São Paulo
Las Vegas,Qualifying,America/Los_Angeles,17/11/2023,22:00,17/11/2023,23:00,Las Vegas,Heineken Silver Las Vegas Grand Prix
Las Vegas,Race,America/Los_Angeles,18/11/2023,22:00,19/11/2023,00:00,Las Vegas,Heineken Silver Las Vegas Grand Prix
Abu Dhabi,Qualifying,Asia/Qatar,25/11/2023,18:00,25/11/2023,19:00,Yas Marina Circuit,Etihad Airways Abu Dhabi Grand Prix
Abu Dhabi,Race,Asia/Qatar,26/11/2023,17:00,26/11/2023,19:00,Yas Marina Circuit,Etihad Airways Abu Dhabi Grand Prix