Country,Category,Session,Timezone,Start Date,Start Time,End Date,End Time,Circuit,Title
Valencia,MotoGP,Testing,Europe/Madrid,28/11/2023,,28/11/2023,,Circuit Ricardo Tormo,Valencia MotoGP Official Test
Sepang,MotoGP,Testing,Asia/Kuala_Lumpur,01/02/2024,,03/02/2024,,Sepang International Circuit,Sepang Shakedown MotoGP Official Test
Sepang,MotoGP,Testing,Asia/Kuala_Lumpur,06/02/2024,,08/02/2024,,Sepang International Circuit,Sepang MotoGP Official Test
Qatar,MotoGP,Testing,Asia/Qatar,19/02/2024,,20/02/2024,,Losail International Circuit,Qatar MotoGP Official Test\
Qatar,Moto3,Free Practice,Asia/Qatar,08/03/2024,14:00,08/03/2024,14:35,Losail International Circuit,Qatar Airways Grand Prix of Qatar
Qatar,Moto2,Free Practice,Asia/Qatar,08/03/2024,14:50,08/03/2024,15:30,Losail International Circuit,Qatar Airways Grand Prix of Qatar
Qatar,MotoGP,Free Practice 1,Asia/Qatar,08/03/2024,15:45,08/03/2024,16:30,Losail International Circuit,Qatar Airways Grand Prix of Qatar
Qatar,Moto3,Practice 1,Asia/Qatar,08/03/2024,18:15,08/03/2024,18:50,Losail International Circuit,Qatar Airways Grand Prix of Qatar
Qatar,Moto2,Practice 1,Asia/Qatar,08/03/2024,19:20,08/03/2024,20:00,Losail International Circuit,Qatar Airways Grand Prix of Qatar
Qatar,MotoGP,Practice,Asia/Qatar,08/03/2024,20:10,08/03/2024,21:10,Losail International Circuit,Qatar Airways Grand Prix of Qatar
Qatar,Moto3,Practice 2,Asia/Qatar,09/03/2024,12:10,09/03/2024,12:40,Losail International Circuit,Qatar Airways Grand Prix of Qatar
Qatar,Moto2,Practice 2,Asia/Qatar,09/03/2024,12:55,09/03/2024,13:25,Losail International Circuit,Qatar Airways Grand Prix of Qatar
Qatar,MotoGP,Free Practice 2,Asia/Qatar,09/03/2024,13:40,09/03/2024,14:25,Losail International Circuit,Qatar Airways Grand Prix of Qatar
Qatar,MotoGP,Qualifying 1,Asia/Qatar,09/03/2024,14:40,09/03/2024,14:55,Losail International Circuit,Qatar Airways Grand Prix of Qatar
Qatar,MotoGP,Qualifying 2,Asia/Qatar,09/03/2024,15:05,09/03/2024,15:20,Losail International Circuit,Qatar Airways Grand Prix of Qatar
Qatar,Moto3,Qualifying 1,Asia/Qatar,09/03/2024,16:50,09/03/2024,17:05,Losail International Circuit,Qatar Airways Grand Prix of Qatar
Qatar,Moto3,Qualifying 2,Asia/Qatar,09/03/2024,17:15,09/03/2024,17:30,Losail International Circuit,Qatar Airways Grand Prix of Qatar
Qatar,Moto2,Qualifying 1,Asia/Qatar,09/03/2024,17:45,09/03/2024,18:00,Losail International Circuit,Qatar Airways Grand Prix of Qatar
Qatar,Moto2,Qualifying 2,Asia/Qatar,09/03/2024,18:10,09/03/2024,18:25,Losail International Circuit,Qatar Airways Grand Prix of Qatar
Qatar,MotoGP,Tissot Sprint,Asia/Qatar,09/03/2024,19:00,09/03/2024,19:30,Losail International Circuit,Qatar Airways Grand Prix of Qatar
Qatar,MotoGP,Warm Up,Asia/Qatar,10/03/2024,15:40,10/03/2024,15:50,Losail International Circuit,Qatar Airways Grand Prix of Qatar
Qatar,Moto3,Race,Asia/Qatar,10/03/2024,17:00,10/03/2024,17:30,Losail International Circuit,Qatar Airways Grand Prix of Qatar
Qatar,Moto2,Race,Asia/Qatar,10/03/2024,18:15,10/03/2024,18:55,Losail International Circuit,Qatar Airways Grand Prix of Qatar
Qatar,MotoGP,Race,Asia/Qatar,10/03/2024,20:00,10/03/2024,20:50,Losail International Circuit,Qatar Airways Grand Prix of Qatar
Portugal,Moto3,Free Practice,Europe/Lisbon,22/03/2024,09:00,22/03/2024,09:35,Autódromo Internacional do Algarve,Grande Prémio de Portugal
Portugal,Moto2,Free Practice,Europe/Lisbon,22/03/2024,09:50,22/03/2024,10:30,Autódromo Internacional do Algarve,Grande Prémio de Portugal
Portugal,MotoGP,Free Practice 1,Europe/Lisbon,22/03/2024,10:45,22/03/2024,11:30,Autódromo Internacional do Algarve,Grande Prémio de Portugal
Portugal,Moto3,Practice 1,Europe/Lisbon,22/03/2024,13:15,22/03/2024,13:50,Autódromo Internacional do Algarve,Grande Prémio de Portugal
Portugal,Moto2,Practice 1,Europe/Lisbon,22/03/2024,14:05,22/03/2024,14:45,Autódromo Internacional do Algarve,Grande Prémio de Portugal
Portugal,MotoGP,Practice,Europe/Lisbon,22/03/2024,15:00,22/03/2024,16:00,Autódromo Internacional do Algarve,Grande Prémio de Portugal
Portugal,Moto3,Practice 2,Europe/Lisbon,23/03/2024,08:40,23/03/2024,09:10,Autódromo Internacional do Algarve,Grande Prémio de Portugal
Portugal,Moto2,Practice 2,Europe/Lisbon,23/03/2024,09:25,23/03/2024,09:55,Autódromo Internacional do Algarve,Grande Prémio de Portugal
Portugal,MotoGP,Free Practice 2,Europe/Lisbon,23/03/2024,10:10,23/03/2024,10:40,Autódromo Internacional do Algarve,Grande Prémio de Portugal
Portugal,MotoGP,Qualifying 1,Europe/Lisbon,23/03/2024,10:50,23/03/2024,11:05,Autódromo Internacional do Algarve,Grande Prémio de Portugal
Portugal,MotoGP,Qualifying 2,Europe/Lisbon,23/03/2024,11:15,23/03/2024,11:30,Autódromo Internacional do Algarve,Grande Prémio de Portugal
Portugal,Moto3,Qualifying 1,Europe/Lisbon,23/03/2024,12:50,23/03/2024,13:05,Autódromo Internacional do Algarve,Grande Prémio de Portugal
Portugal,Moto3,Qualifying 2,Europe/Lisbon,23/03/2024,13:15,23/03/2024,13:30,Autódromo Internacional do Algarve,Grande Prémio de Portugal
Portugal,Moto2,Qualifying 1,Europe/Lisbon,23/03/2024,13:45,23/03/2024,14:00,Autódromo Internacional do Algarve,Grande Prémio de Portugal
Portugal,Moto2,Qualifying 2,Europe/Lisbon,23/03/2024,14:10,23/03/2024,14:25,Autódromo Internacional do Algarve,Grande Prémio de Portugal
Portugal,MotoGP,Tissot Sprint,Europe/Lisbon,23/03/2024,15:00,23/03/2024,15:30,Autódromo Internacional do Algarve,Grande Prémio de Portugal
Portugal,MotoGP,Warm Up,Europe/Lisbon,24/03/2024,11:40,24/03/2024,11:50,Autódromo Internacional do Algarve,Grande Prémio de Portugal
Portugal,Moto3,Race,Europe/Lisbon,24/03/2024,11:00,24/03/2024,11:30,Autódromo Internacional do Algarve,Grande Prémio de Portugal
Portugal,Moto2,Race,Europe/Lisbon,24/03/2024,12:15,24/03/2024,12:55,Autódromo Internacional do Algarve,Grande Prémio de Portugal
Portugal,MotoGP,Race,Europe/Lisbon,24/03/2024,14:00,24/03/2024,14:50,Autódromo Internacional do Algarve,Grande Prémio de Portugal
USA,Moto3,Free Practice,America/Chicago,12/04/2024,09:00,12/04/2024,09:35,Circuit of The Americas,Red Bull Grand Prix of The Americas
USA,Moto2,Free Practice,America/Chicago,12/04/2024,09:50,12/04/2024,10:30,Circuit of The Americas,Red Bull Grand Prix of The Americas
USA,MotoGP,Free Practice 1,America/Chicago,12/04/2024,10:45,12/04/2024,11:30,Circuit of The Americas,Red Bull Grand Prix of The Americas
USA,Moto3,Practice 1,America/Chicago,12/04/2024,13:15,12/04/2024,13:50,Circuit of The Americas,Red Bull Grand Prix of The Americas
USA,Moto2,Practice 1,America/Chicago,12/04/2024,14:05,12/04/2024,14:45,Circuit of The Americas,Red Bull Grand Prix of The Americas
USA,MotoGP,Practice,America/Chicago,12/04/2024,15:00,12/04/2024,16:00,Circuit of The Americas,Red Bull Grand Prix of The Americas
USA,Moto3,Practice 2,America/Chicago,13/04/2024,08:40,13/04/2024,09:10,Circuit of The Americas,Red Bull Grand Prix of The Americas
USA,Moto2,Practice 2,America/Chicago,13/04/2024,09:25,13/04/2024,09:55,Circuit of The Americas,Red Bull Grand Prix of The Americas
USA,MotoGP,Free Practice 2,America/Chicago,13/04/2024,10:10,13/04/2024,10:40,Circuit of The Americas,Red Bull Grand Prix of The Americas
USA,MotoGP,Qualifying 1,America/Chicago,13/04/2024,10:50,13/04/2024,11:05,Circuit of The Americas,Red Bull Grand Prix of The Americas
USA,MotoGP,Qualifying 2,America/Chicago,13/04/2024,11:15,13/04/2024,11:30,Circuit of The Americas,Red Bull Grand Prix of The Americas
USA,Moto3,Qualifying 1,America/Chicago,13/04/2024,12:50,13/04/2024,13:05,Circuit of The Americas,Red Bull Grand Prix of The Americas
USA,Moto3,Qualifying 2,America/Chicago,13/04/2024,13:15,13/04/2024,13:30,Circuit of The Americas,Red Bull Grand Prix of The Americas
USA,Moto2,Qualifying 1,America/Chicago,13/04/2024,13:45,13/04/2024,14:00,Circuit of The Americas,Red Bull Grand Prix of The Americas
USA,Moto2,Qualifying 2,America/Chicago,13/04/2024,14:10,13/04/2024,14:25,Circuit of The Americas,Red Bull Grand Prix of The Americas
USA,MotoGP,Tissot Sprint,America/Chicago,13/04/2024,15:00,13/04/2024,15:30,Circuit of The Americas,Red Bull Grand Prix of The Americas
USA,MotoGP,Warm Up,America/Chicago,14/04/2024,09:40,14/04/2024,09:50,Circuit of The Americas,Red Bull Grand Prix of The Americas
USA,Moto3,Race,America/Chicago,14/04/2024,11:00,14/04/2024,11:30,Circuit of The Americas,Red Bull Grand Prix of The Americas
USA,Moto2,Race,America/Chicago,14/04/2024,12:15,14/04/2024,12:55,Circuit of The Americas,Red Bull Grand Prix of The Americas
USA,MotoGP,Race,America/Chicago,14/04/2024,14:00,14/04/2024,14:50,Circuit of The Americas,Red Bull Grand Prix of The Americas
Spain,Moto3,Free Practice,Europe/Madrid,26/04/2024,09:00,26/04/2024,09:35,Circuito de Jerez - Angel Nieto,Gran Premio de España
Spain,Moto2,Free Practice,Europe/Madrid,26/04/2024,09:50,26/04/2024,10:30,Circuito de Jerez - Angel Nieto,Gran Premio de España
Spain,MotoGP,Free Practice 1,Europe/Madrid,26/04/2024,10:45,26/04/2024,11:30,Circuito de Jerez - Angel Nieto,Gran Premio de España
Spain,Moto3,Practice 1,Europe/Madrid,26/04/2024,13:15,26/04/2024,13:50,Circuito de Jerez - Angel Nieto,Gran Premio de España
Spain,Moto2,Practice 1,Europe/Madrid,26/04/2024,14:05,26/04/2024,14:45,Circuito de Jerez - Angel Nieto,Gran Premio de España
Spain,MotoGP,Practice,Europe/Madrid,26/04/2024,15:00,26/04/2024,16:00,Circuito de Jerez - Angel Nieto,Gran Premio de España
Spain,Moto3,Practice 2,Europe/Madrid,27/04/2024,08:40,27/04/2024,09:10,Circuito de Jerez - Angel Nieto,Gran Premio de España
Spain,Moto2,Practice 2,Europe/Madrid,27/04/2024,09:25,27/04/2024,09:55,Circuito de Jerez - Angel Nieto,Gran Premio de España
Spain,MotoGP,Free Practice 2,Europe/Madrid,27/04/2024,10:10,27/04/2024,10:40,Circuito de Jerez - Angel Nieto,Gran Premio de España
Spain,MotoGP,Qualifying 1,Europe/Madrid,27/04/2024,10:50,27/04/2024,11:05,Circuito de Jerez - Angel Nieto,Gran Premio de España
Spain,MotoGP,Qualifying 2,Europe/Madrid,27/04/2024,11:15,27/04/2024,11:30,Circuito de Jerez - Angel Nieto,Gran Premio de España
Spain,Moto3,Qualifying 1,Europe/Madrid,27/04/2024,12:50,27/04/2024,13:05,Circuito de Jerez - Angel Nieto,Gran Premio de España
Spain,Moto3,Qualifying 2,Europe/Madrid,27/04/2024,13:15,27/04/2024,13:30,Circuito de Jerez - Angel Nieto,Gran Premio de España
Spain,Moto2,Qualifying 1,Europe/Madrid,27/04/2024,13:45,27/04/2024,14:00,Circuito de Jerez - Angel Nieto,Gran Premio de España
Spain,Moto2,Qualifying 2,Europe/Madrid,27/04/2024,14:10,27/04/2024,14:25,Circuito de Jerez - Angel Nieto,Gran Premio de España
Spain,MotoGP,Tissot Sprint,Europe/Madrid,27/04/2024,15:00,27/04/2024,15:30,Circuito de Jerez - Angel Nieto,Gran Premio de España
Spain,MotoGP,Warm Up,Europe/Madrid,28/04/2024,09:40,28/04/2024,09:50,Circuito de Jerez - Angel Nieto,Gran Premio de España
Spain,Moto3,Race,Europe/Madrid,28/04/2024,11:00,28/04/2024,11:30,Circuito de Jerez - Angel Nieto,Gran Premio de España
Spain,Moto2,Race,Europe/Madrid,28/04/2024,12:15,28/04/2024,12:55,Circuito de Jerez - Angel Nieto,Gran Premio de España
Spain,MotoGP,Race,Europe/Madrid,28/04/2024,14:00,28/04/2024,14:50,Circuito de Jerez - Angel Nieto,Gran Premio de España
Jerez,MotoGP,Testing,Europe/Madrid,29/04/2024,,29/04/2024,,Circuito de Jerez - Angel Nieto,Jerez MotoGP Official Test
France,Moto3,Free Practice,Europe/Paris,10/05/2024,09:00,10/05/2024,09:35,Le Mans,Grand Prix de France
France,Moto2,Free Practice,Europe/Paris,10/05/2024,09:50,10/05/2024,10:30,Le Mans,Grand Prix de France
France,MotoGP,Free Practice 1,Europe/Paris,10/05/2024,10:45,10/05/2024,11:30,Le Mans,Grand Prix de France
France,Moto3,Practice 1,Europe/Paris,10/05/2024,13:15,10/05/2024,13:50,Le Mans,Grand Prix de France
France,Moto2,Practice 1,Europe/Paris,10/05/2024,14:05,10/05/2024,14:45,Le Mans,Grand Prix de France
France,MotoGP,Practice,Europe/Paris,10/05/2024,15:00,10/05/2024,16:00,Le Mans,Grand Prix de France
France,Moto3,Practice 2,Europe/Paris,11/05/2024,08:40,11/05/2024,09:10,Le Mans,Grand Prix de France
France,Moto2,Practice 2,Europe/Paris,11/05/2024,09:25,11/05/2024,09:55,Le Mans,Grand Prix de France
France,MotoGP,Free Practice 2,Europe/Paris,11/05/2024,10:10,11/05/2024,10:40,Le Mans,Grand Prix de France
France,MotoGP,Qualifying 1,Europe/Paris,11/05/2024,10:50,11/05/2024,11:05,Le Mans,Grand Prix de France
France,MotoGP,Qualifying 2,Europe/Paris,11/05/2024,11:15,11/05/2024,11:30,Le Mans,Grand Prix de France
France,Moto3,Qualifying 1,Europe/Paris,11/05/2024,12:50,11/05/2024,13:05,Le Mans,Grand Prix de France
France,Moto3,Qualifying 2,Europe/Paris,11/05/2024,13:15,11/05/2024,13:30,Le Mans,Grand Prix de France
France,Moto2,Qualifying 1,Europe/Paris,11/05/2024,13:45,11/05/2024,14:00,Le Mans,Grand Prix de France
France,Moto2,Qualifying 2,Europe/Paris,11/05/2024,14:10,11/05/2024,14:25,Le Mans,Grand Prix de France
France,MotoGP,Tissot Sprint,Europe/Paris,11/05/2024,15:00,11/05/2024,15:30,Le Mans,Grand Prix de France
France,MotoGP,Warm Up,Europe/Paris,12/05/2024,09:40,12/05/2024,09:50,Le Mans,Grand Prix de France
France,Moto3,Race,Europe/Paris,12/05/2024,11:00,12/05/2024,11:30,Le Mans,Grand Prix de France
France,Moto2,Race,Europe/Paris,12/05/2024,12:15,12/05/2024,12:55,Le Mans,Grand Prix de France
France,MotoGP,Race,Europe/Paris,12/05/2024,14:00,12/05/2024,14:50,Le Mans,Grand Prix de France
Catalunya,Moto3,Free Practice,Europe/Madrid,24/05/2024,09:00,24/05/2024,09:35,Circuit de Barcelona-Catalunya,Gran Premi Monster Energy de Catalunya
Catalunya,Moto2,Free Practice,Europe/Madrid,24/05/2024,09:50,24/05/2024,10:30,Circuit de Barcelona-Catalunya,Gran Premi Monster Energy de Catalunya
Catalunya,MotoGP,Free Practice 1,Europe/Madrid,24/05/2024,10:45,24/05/2024,11:30,Circuit de Barcelona-Catalunya,Gran Premi Monster Energy de Catalunya
Catalunya,Moto3,Practice 1,Europe/Madrid,24/05/2024,13:15,24/05/2024,13:50,Circuit de Barcelona-Catalunya,Gran Premi Monster Energy de Catalunya
Catalunya,Moto2,Practice 1,Europe/Madrid,24/05/2024,14:05,24/05/2024,14:45,Circuit de Barcelona-Catalunya,Gran Premi Monster Energy de Catalunya
Catalunya,MotoGP,Practice,Europe/Madrid,24/05/2024,15:00,24/05/2024,16:00,Circuit de Barcelona-Catalunya,Gran Premi Monster Energy de Catalunya
Catalunya,Moto3,Practice 2,Europe/Madrid,25/05/2024,08:40,25/05/2024,09:10,Circuit de Barcelona-Catalunya,Gran Premi Monster Energy de Catalunya
Catalunya,Moto2,Practice 2,Europe/Madrid,25/05/2024,09:25,25/05/2024,09:55,Circuit de Barcelona-Catalunya,Gran Premi Monster Energy de Catalunya
Catalunya,MotoGP,Free Practice 2,Europe/Madrid,25/05/2024,10:10,25/05/2024,10:40,Circuit de Barcelona-Catalunya,Gran Premi Monster Energy de Catalunya
Catalunya,MotoGP,Qualifying 1,Europe/Madrid,25/05/2024,10:50,25/05/2024,11:05,Circuit de Barcelona-Catalunya,Gran Premi Monster Energy de Catalunya
Catalunya,MotoGP,Qualifying 2,Europe/Madrid,25/05/2024,11:15,25/05/2024,11:30,Circuit de Barcelona-Catalunya,Gran Premi Monster Energy de Catalunya
Catalunya,Moto3,Qualifying 1,Europe/Madrid,25/05/2024,12:50,25/05/2024,13:05,Circuit de Barcelona-Catalunya,Gran Premi Monster Energy de Catalunya
Catalunya,Moto3,Qualifying 2,Europe/Madrid,25/05/2024,13:15,25/05/2024,13:30,Circuit de Barcelona-Catalunya,Gran Premi Monster Energy de Catalunya
Catalunya,Moto2,Qualifying 1,Europe/Madrid,25/05/2024,13:45,25/05/2024,14:00,Circuit de Barcelona-Catalunya,Gran Premi Monster Energy de Catalunya
Catalunya,Moto2,Qualifying 2,Europe/Madrid,25/05/2024,14:10,25/05/2024,14:25,Circuit de Barcelona-Catalunya,Gran Premi Monster Energy de Catalunya
Catalunya,MotoGP,Tissot Sprint,Europe/Madrid,25/05/2024,15:00,25/05/2024,15:30,Circuit de Barcelona-Catalunya,Gran Premi Monster Energy de Catalunya
Catalunya,MotoGP,Warm Up,Europe/Madrid,26/05/2024,09:40,26/05/2024,09:50,Circuit de Barcelona-Catalunya,Gran Premi Monster Energy de Catalunya
Catalunya,Moto3,Race,Europe/Madrid,26/05/2024,11:00,26/05/2024,11:30,Circuit de Barcelona-Catalunya,Gran Premi Monster Energy de Catalunya
Catalunya,Moto2,Race,Europe/Madrid,26/05/2024,12:15,26/05/2024,12:55,Circuit de Barcelona-Catalunya,Gran Premi Monster Energy de Catalunya
Catalunya,MotoGP,Race,Europe/Madrid,26/05/2024,14:00,26/05/2024,14:50,Circuit de Barcelona-Catalunya,Gran Premi Monster Energy de Catalunya
Italy,Moto3,Free Practice,Europe/Rome,31/05/2024,09:00,31/05/2024,09:35,Autodromo Internazionale del Mugello,Gran Premio d’Italia
Italy,Moto2,Free Practice,Europe/Rome,31/05/2024,09:50,31/05/2024,10:30,Autodromo Internazionale del Mugello,Gran Premio d’Italia
Italy,MotoGP,Free Practice 1,Europe/Rome,31/05/2024,10:45,31/05/2024,11:30,Autodromo Internazionale del Mugello,Gran Premio d’Italia
Italy,Moto3,Practice 1,Europe/Rome,31/05/2024,13:15,31/05/2024,13:50,Autodromo Internazionale del Mugello,Gran Premio d’Italia
Italy,Moto2,Practice 1,Europe/Rome,31/05/2024,14:05,31/05/2024,14:45,Autodromo Internazionale del Mugello,Gran Premio d’Italia
Italy,MotoGP,Practice,Europe/Rome,31/05/2024,15:00,31/05/2024,16:00,Autodromo Internazionale del Mugello,Gran Premio d’Italia
Italy,Moto3,Practice 2,Europe/Rome,01/06/2024,08:40,01/06/2024,09:10,Autodromo Internazionale del Mugello,Gran Premio d’Italia
Italy,Moto2,Practice 2,Europe/Rome,01/06/2024,09:25,01/06/2024,09:55,Autodromo Internazionale del Mugello,Gran Premio d’Italia
Italy,MotoGP,Free Practice 2,Europe/Rome,01/06/2024,10:10,01/06/2024,10:40,Autodromo Internazionale del Mugello,Gran Premio d’Italia
Italy,MotoGP,Qualifying 1,Europe/Rome,01/06/2024,10:50,01/06/2024,11:05,Autodromo Internazionale del Mugello,Gran Premio d’Italia
Italy,MotoGP,Qualifying 2,Europe/Rome,01/06/2024,11:15,01/06/2024,11:30,Autodromo Internazionale del Mugello,Gran Premio d’Italia
Italy,Moto3,Qualifying 1,Europe/Rome,01/06/2024,12:50,01/06/2024,13:05,Autodromo Internazionale del Mugello,Gran Premio d’Italia
Italy,Moto3,Qualifying 2,Europe/Rome,01/06/2024,13:15,01/06/2024,13:30,Autodromo Internazionale del Mugello,Gran Premio d’Italia
Italy,Moto2,Qualifying 1,Europe/Rome,01/06/2024,13:45,01/06/2024,14:00,Autodromo Internazionale del Mugello,Gran Premio d’Italia
Italy,Moto2,Qualifying 2,Europe/Rome,01/06/2024,14:10,01/06/2024,14:25,Autodromo Internazionale del Mugello,Gran Premio d’Italia
Italy,MotoGP,Tissot Sprint,Europe/Rome,01/06/2024,15:00,01/06/2024,15:30,Autodromo Internazionale del Mugello,Gran Premio d’Italia
Italy,MotoGP,Warm Up,Europe/Rome,02/06/2024,09:40,02/06/2024,09:50,Autodromo Internazionale del Mugello,Gran Premio d’Italia
Italy,Moto3,Race,Europe/Rome,02/06/2024,11:00,02/06/2024,11:30,Autodromo Internazionale del Mugello,Gran Premio d’Italia
Italy,Moto2,Race,Europe/Rome,02/06/2024,12:15,02/06/2024,12:55,Autodromo Internazionale del Mugello,Gran Premio d’Italia
Italy,MotoGP,Race,Europe/Rome,02/06/2024,14:00,02/06/2024,14:50,Autodromo Internazionale del Mugello,Gran Premio d’Italia
Mugello,MotoGP,Testing,Europe/Rome,03/06/2024,,03/06/2024,,Autodromo Internazionale del Mugello,Mugello MotoGP Official Test
Kazakhstan,Moto3,Free Practice,Asia/Qyzylorda,14/06/2024,09:00,14/06/2024,09:50,Sokol International Racetrack,Grand Prix of Kazakhstan
Kazakhstan,Moto2,Free Practice,Asia/Qyzylorda,14/06/2024,10:05,14/06/2024,11:00,Sokol International Racetrack,Grand Prix of Kazakhstan
Kazakhstan,MotoGP,Free Practice 1,Asia/Qyzylorda,14/06/2024,11:15,14/06/2024,12:25,Sokol International Racetrack,Grand Prix of Kazakhstan
Kazakhstan,Moto3,Practice 1,Asia/Qyzylorda,14/06/2024,13:15,14/06/2024,14:05,Sokol International Racetrack,Grand Prix of Kazakhstan
Kazakhstan,Moto2,Practice 1,Asia/Qyzylorda,14/06/2024,14:20,14/06/2024,15:15,Sokol International Racetrack,Grand Prix of Kazakhstan
Kazakhstan,MotoGP,Practice,Asia/Qyzylorda,14/06/2024,15:30,14/06/2024,16:40,Sokol International Racetrack,Grand Prix of Kazakhstan
Kazakhstan,Moto3,Practice 2,Asia/Qyzylorda,15/06/2024,08:40,15/06/2024,09:10,Sokol International Racetrack,Grand Prix of Kazakhstan
Kazakhstan,Moto2,Practice 2,Asia/Qyzylorda,15/06/2024,09:25,15/06/2024,09:55,Sokol International Racetrack,Grand Prix of Kazakhstan
Kazakhstan,MotoGP,Free Practice 2,Asia/Qyzylorda,15/06/2024,10:10,15/06/2024,10:40,Sokol International Racetrack,Grand Prix of Kazakhstan
Kazakhstan,MotoGP,Qualifying 1,Asia/Qyzylorda,15/06/2024,10:50,15/06/2024,11:05,Sokol International Racetrack,Grand Prix of Kazakhstan
Kazakhstan,MotoGP,Qualifying 2,Asia/Qyzylorda,15/06/2024,11:15,15/06/2024,11:30,Sokol International Racetrack,Grand Prix of Kazakhstan
Kazakhstan,Moto3,Qualifying 1,Asia/Qyzylorda,15/06/2024,12:50,15/06/2024,13:05,Sokol International Racetrack,Grand Prix of Kazakhstan
Kazakhstan,Moto3,Qualifying 2,Asia/Qyzylorda,15/06/2024,13:15,15/06/2024,13:30,Sokol International Racetrack,Grand Prix of Kazakhstan
Kazakhstan,Moto2,Qualifying 1,Asia/Qyzylorda,15/06/2024,13:45,15/06/2024,14:00,Sokol International Racetrack,Grand Prix of Kazakhstan
Kazakhstan,Moto2,Qualifying 2,Asia/Qyzylorda,15/06/2024,14:10,15/06/2024,14:25,Sokol International Racetrack,Grand Prix of Kazakhstan
Kazakhstan,MotoGP,Tissot Sprint,Asia/Qyzylorda,15/06/2024,15:00,15/06/2024,15:30,Sokol International Racetrack,Grand Prix of Kazakhstan
Kazakhstan,MotoGP,Warm Up,Asia/Qyzylorda,16/06/2024,09:40,16/06/2024,09:50,Sokol International Racetrack,Grand Prix of Kazakhstan
Kazakhstan,Moto3,Race,Asia/Qyzylorda,16/06/2024,11:00,16/06/2024,11:30,Sokol International Racetrack,Grand Prix of Kazakhstan
Kazakhstan,Moto2,Race,Asia/Qyzylorda,16/06/2024,12:15,16/06/2024,12:55,Sokol International Racetrack,Grand Prix of Kazakhstan
Kazakhstan,MotoGP,Race,Asia/Qyzylorda,16/06/2024,14:00,16/06/2024,14:50,Sokol International Racetrack,Grand Prix of Kazakhstan
Netherlands,Moto3,Free Practice,Europe/Amsterdam,28/06/2024,09:00,28/06/2024,09:35,TT Circuit Assen,Motul TT Assen
Netherlands,Moto2,Free Practice,Europe/Amsterdam,28/06/2024,09:40,28/06/2024,10:20,TT Circuit Assen,Motul TT Assen
Netherlands,MotoGP,Free Practice 1,Europe/Amsterdam,28/06/2024,10:45,28/06/2024,11:30,TT Circuit Assen,Motul TT Assen
Netherlands,Moto3,Practice 1,Europe/Amsterdam,28/06/2024,13:15,28/06/2024,13:50,TT Circuit Assen,Motul TT Assen
Netherlands,Moto2,Practice 1,Europe/Amsterdam,28/06/2024,14:05,28/06/2024,14:45,TT Circuit Assen,Motul TT Assen
Netherlands,MotoGP,Practice,Europe/Amsterdam,28/06/2024,15:00,28/06/2024,16:00,TT Circuit Assen,Motul TT Assen
Netherlands,Moto3,Practice 2,Europe/Amsterdam,29/06/2024,08:40,29/06/2024,09:10,TT Circuit Assen,Motul TT Assen
Netherlands,Moto2,Practice 2,Europe/Amsterdam,29/06/2024,09:25,29/06/2024,09:55,TT Circuit Assen,Motul TT Assen
Netherlands,MotoGP,Free Practice 2,Europe/Amsterdam,29/06/2024,10:10,29/06/2024,10:40,TT Circuit Assen,Motul TT Assen
Netherlands,MotoGP,Qualifying 1,Europe/Amsterdam,29/06/2024,10:50,29/06/2024,11:05,TT Circuit Assen,Motul TT Assen
Netherlands,MotoGP,Qualifying 2,Europe/Amsterdam,29/06/2024,11:15,29/06/2024,11:30,TT Circuit Assen,Motul TT Assen
Netherlands,Moto3,Qualifying 1,Europe/Amsterdam,29/06/2024,12:50,29/06/2024,13:05,TT Circuit Assen,Motul TT Assen
Netherlands,Moto3,Qualifying 2,Europe/Amsterdam,29/06/2024,13:15,29/06/2024,13:30,TT Circuit Assen,Motul TT Assen
Netherlands,Moto2,Qualifying 1,Europe/Amsterdam,29/06/2024,13:45,29/06/2024,14:00,TT Circuit Assen,Motul TT Assen
Netherlands,Moto2,Qualifying 2,Europe/Amsterdam,29/06/2024,14:10,29/06/2024,14:25,TT Circuit Assen,Motul TT Assen
Netherlands,MotoGP,Tissot Sprint,Europe/Amsterdam,29/06/2024,15:00,29/06/2024,15:30,TT Circuit Assen,Motul TT Assen
Netherlands,MotoGP,Warm Up,Europe/Amsterdam,30/06/2024,09:40,30/06/2024,09:50,TT Circuit Assen,Motul TT Assen
Netherlands,Moto3,Race,Europe/Amsterdam,30/06/2024,11:00,30/06/2024,11:30,TT Circuit Assen,Motul TT Assen
Netherlands,Moto2,Race,Europe/Amsterdam,30/06/2024,12:15,30/06/2024,12:55,TT Circuit Assen,Motul TT Assen
Netherlands,MotoGP,Race,Europe/Amsterdam,30/06/2024,14:00,30/06/2024,14:50,TT Circuit Assen,Motul TT Assen
Germany,Moto3,Free Practice,Europe/Berlin,05/07/2024,09:00,05/07/2024,09:35,Sachsenring,Liqui Moly Motorrad Grand Prix Deutschland
Germany,Moto2,Free Practice,Europe/Berlin,05/07/2024,09:50,05/07/2024,10:30,Sachsenring,Liqui Moly Motorrad Grand Prix Deutschland
Germany,MotoGP,Free Practice 1,Europe/Berlin,05/07/2024,10:45,05/07/2024,11:30,Sachsenring,Liqui Moly Motorrad Grand Prix Deutschland
Germany,Moto3,Practice 1,Europe/Berlin,05/07/2024,13:15,05/07/2024,13:50,Sachsenring,Liqui Moly Motorrad Grand Prix Deutschland
Germany,Moto2,Practice 1,Europe/Berlin,05/07/2024,14:05,05/07/2024,14:45,Sachsenring,Liqui Moly Motorrad Grand Prix Deutschland
Germany,MotoGP,Practice,Europe/Berlin,05/07/2024,15:00,05/07/2024,16:00,Sachsenring,Liqui Moly Motorrad Grand Prix Deutschland
Germany,Moto3,Practice 2,Europe/Berlin,06/07/2024,08:40,06/07/2024,09:10,Sachsenring,Liqui Moly Motorrad Grand Prix Deutschland
Germany,Moto2,Practice 2,Europe/Berlin,06/07/2024,09:25,06/07/2024,09:55,Sachsenring,Liqui Moly Motorrad Grand Prix Deutschland
Germany,MotoGP,Free Practice 2,Europe/Berlin,06/07/2024,10:10,06/07/2024,10:40,Sachsenring,Liqui Moly Motorrad Grand Prix Deutschland
Germany,MotoGP,Qualifying 1,Europe/Berlin,06/07/2024,10:50,06/07/2024,11:05,Sachsenring,Liqui Moly Motorrad Grand Prix Deutschland
Germany,MotoGP,Qualifying 2,Europe/Berlin,06/07/2024,11:15,06/07/2024,11:30,Sachsenring,Liqui Moly Motorrad Grand Prix Deutschland
Germany,Moto3,Qualifying 1,Europe/Berlin,06/07/2024,12:50,06/07/2024,13:05,Sachsenring,Liqui Moly Motorrad Grand Prix Deutschland
Germany,Moto3,Qualifying 2,Europe/Berlin,06/07/2024,13:15,06/07/2024,13:30,Sachsenring,Liqui Moly Motorrad Grand Prix Deutschland
Germany,Moto2,Qualifying 1,Europe/Berlin,06/07/2024,13:45,06/07/2024,14:00,Sachsenring,Liqui Moly Motorrad Grand Prix Deutschland
Germany,Moto2,Qualifying 2,Europe/Berlin,06/07/2024,14:10,06/07/2024,14:25,Sachsenring,Liqui Moly Motorrad Grand Prix Deutschland
Germany,MotoGP,Tissot Sprint,Europe/Berlin,06/07/2024,15:00,06/07/2024,15:30,Sachsenring,Liqui Moly Motorrad Grand Prix Deutschland
Germany,MotoGP,Warm Up,Europe/Berlin,07/07/2024,09:40,07/07/2024,09:50,Sachsenring,Liqui Moly Motorrad Grand Prix Deutschland
Germany,Moto3,Race,Europe/Berlin,07/07/2024,11:00,07/07/2024,11:30,Sachsenring,Liqui Moly Motorrad Grand Prix Deutschland
Germany,Moto2,Race,Europe/Berlin,07/07/2024,12:15,07/07/2024,12:55,Sachsenring,Liqui Moly Motorrad Grand Prix Deutschland
Germany,MotoGP,Race,Europe/Berlin,07/07/2024,14:00,07/07/2024,14:50,Sachsenring,Liqui Moly Motorrad Grand Prix Deutschland
Great Britain,Moto3,Free Practice,Europe/London,02/08/2024,09:00,02/08/2024,09:35,Silverstone,Monster Energy British Grand Prix
Great Britain,Moto2,Free Practice,Europe/London,02/08/2024,09:50,02/08/2024,10:30,Silverstone,Monster Energy British Grand Prix
Great Britain,MotoGP,Free Practice 1,Europe/London,02/08/2024,10:45,02/08/2024,11:30,Silverstone,Monster Energy British Grand Prix
Great Britain,Moto3,Practice 1,Europe/London,02/08/2024,13:15,02/08/2024,13:50,Silverstone,Monster Energy British Grand Prix
Great Britain,Moto2,Practice 1,Europe/London,02/08/2024,14:05,02/08/2024,14:45,Silverstone,Monster Energy British Grand Prix
Great Britain,MotoGP,Practice,Europe/London,02/08/2024,15:00,02/08/2024,16:00,Silverstone,Monster Energy British Grand Prix
Great Britain,Moto3,Practice 2,Europe/London,03/08/2024,08:40,03/08/2024,09:10,Silverstone,Monster Energy British Grand Prix
Great Britain,Moto2,Practice 2,Europe/London,03/08/2024,09:25,03/08/2024,09:55,Silverstone,Monster Energy British Grand Prix
Great Britain,MotoGP,Free Practice 2,Europe/London,03/08/2024,10:10,03/08/2024,10:40,Silverstone,Monster Energy British Grand Prix
Great Britain,MotoGP,Qualifying 1,Europe/London,03/08/2024,10:50,03/08/2024,11:05,Silverstone,Monster Energy British Grand Prix
Great Britain,MotoGP,Qualifying 2,Europe/London,03/08/2024,11:15,03/08/2024,11:30,Silverstone,Monster Energy British Grand Prix
Great Britain,Moto3,Qualifying 1,Europe/London,03/08/2024,12:50,03/08/2024,13:05,Silverstone,Monster Energy British Grand Prix
Great Britain,Moto3,Qualifying 2,Europe/London,03/08/2024,13:15,03/08/2024,13:30,Silverstone,Monster Energy British Grand Prix
Great Britain,Moto2,Qualifying 1,Europe/London,03/08/2024,13:45,03/08/2024,14:00,Silverstone,Monster Energy British Grand Prix
Great Britain,Moto2,Qualifying 2,Europe/London,03/08/2024,14:10,03/08/2024,14:25,Silverstone,Monster Energy British Grand Prix
Great Britain,MotoGP,Tissot Sprint,Europe/London,03/08/2024,15:00,03/08/2024,15:30,Silverstone,Monster Energy British Grand Prix
Great Britain,MotoGP,Warm Up,Europe/London,04/08/2024,09:40,04/08/2024,09:50,Silverstone,Monster Energy British Grand Prix
Great Britain,Moto3,Race,Europe/London,04/08/2024,11:15,04/08/2024,11:45,Silverstone,Monster Energy British Grand Prix
Great Britain,Moto2,Race,Europe/London,04/08/2024,13:00,04/08/2024,13:40,Silverstone,Monster Energy British Grand Prix
Great Britain,MotoGP,Race,Europe/London,04/08/2024,14:30,04/08/2024,15:20,Silverstone,Monster Energy British Grand Prix
Austria,Moto3,Free Practice,Europe/Vienna,16/08/2024,09:00,16/08/2024,09:35,Red Bull Ring - Spielberg,Motorrad Grand Prix von Österreich
Austria,Moto2,Free Practice,Europe/Vienna,16/08/2024,09:50,16/08/2024,10:30,Red Bull Ring - Spielberg,Motorrad Grand Prix von Österreich
Austria,MotoGP,Free Practice 1,Europe/Vienna,16/08/2024,10:45,16/08/2024,11:30,Red Bull Ring - Spielberg,Motorrad Grand Prix von Österreich
Austria,Moto3,Practice 1,Europe/Vienna,16/08/2024,13:15,16/08/2024,13:50,Red Bull Ring - Spielberg,Motorrad Grand Prix von Österreich
Austria,Moto2,Practice 1,Europe/Vienna,16/08/2024,14:05,16/08/2024,14:45,Red Bull Ring - Spielberg,Motorrad Grand Prix von Österreich
Austria,MotoGP,Practice,Europe/Vienna,16/08/2024,15:00,16/08/2024,16:00,Red Bull Ring - Spielberg,Motorrad Grand Prix von Österreich
Austria,Moto3,Practice 2,Europe/Vienna,17/08/2024,08:40,17/08/2024,09:10,Red Bull Ring - Spielberg,Motorrad Grand Prix von Österreich
Austria,Moto2,Practice 2,Europe/Vienna,17/08/2024,09:25,17/08/2024,09:55,Red Bull Ring - Spielberg,Motorrad Grand Prix von Österreich
Austria,MotoGP,Free Practice 2,Europe/Vienna,17/08/2024,10:10,17/08/2024,10:40,Red Bull Ring - Spielberg,Motorrad Grand Prix von Österreich
Austria,MotoGP,Qualifying 1,Europe/Vienna,17/08/2024,10:50,17/08/2024,11:05,Red Bull Ring - Spielberg,Motorrad Grand Prix von Österreich
Austria,MotoGP,Qualifying 2,Europe/Vienna,17/08/2024,11:15,17/08/2024,11:30,Red Bull Ring - Spielberg,Motorrad Grand Prix von Österreich
Austria,Moto3,Qualifying 1,Europe/Vienna,17/08/2024,12:50,17/08/2024,13:05,Red Bull Ring - Spielberg,Motorrad Grand Prix von Österreich
Austria,Moto3,Qualifying 2,Europe/Vienna,17/08/2024,13:15,17/08/2024,13:30,Red Bull Ring - Spielberg,Motorrad Grand Prix von Österreich
Austria,Moto2,Qualifying 1,Europe/Vienna,17/08/2024,13:45,17/08/2024,14:00,Red Bull Ring - Spielberg,Motorrad Grand Prix von Österreich
Austria,Moto2,Qualifying 2,Europe/Vienna,17/08/2024,14:10,17/08/2024,14:25,Red Bull Ring - Spielberg,Motorrad Grand Prix von Österreich
Austria,MotoGP,Tissot Sprint,Europe/Vienna,17/08/2024,15:00,17/08/2024,15:30,Red Bull Ring - Spielberg,Motorrad Grand Prix von Österreich
Austria,MotoGP,Warm Up,Europe/Vienna,18/08/2024,09:40,18/08/2024,09:50,Red Bull Ring - Spielberg,Motorrad Grand Prix von Österreich
Austria,Moto3,Race,Europe/Vienna,18/08/2024,11:00,18/08/2024,11:30,Red Bull Ring - Spielberg,Motorrad Grand Prix von Österreich
Austria,Moto2,Race,Europe/Vienna,18/08/2024,12:15,18/08/2024,12:55,Red Bull Ring - Spielberg,Motorrad Grand Prix von Österreich
Austria,MotoGP,Race,Europe/Vienna,18/08/2024,14:00,18/08/2024,14:50,Red Bull Ring - Spielberg,Motorrad Grand Prix von Österreich
Aragon,Moto3,Free Practice,Europe/Madrid,30/08/2024,09:00,30/08/2024,09:35,MotorLand Aragón,Gran Premio de Aragón
Aragon,Moto2,Free Practice,Europe/Madrid,30/08/2024,09:50,30/08/2024,10:30,MotorLand Aragón,Gran Premio de Aragón
Aragon,MotoGP,Free Practice 1,Europe/Madrid,30/08/2024,10:45,30/08/2024,11:30,MotorLand Aragón,Gran Premio de Aragón
Aragon,Moto3,Practice 1,Europe/Madrid,30/08/2024,13:15,30/08/2024,13:50,MotorLand Aragón,Gran Premio de Aragón
Aragon,Moto2,Practice 1,Europe/Madrid,30/08/2024,14:05,30/08/2024,14:45,MotorLand Aragón,Gran Premio de Aragón
Aragon,MotoGP,Practice,Europe/Madrid,30/08/2024,15:00,30/08/2024,16:00,MotorLand Aragón,Gran Premio de Aragón
Aragon,Moto3,Practice 2,Europe/Madrid,31/08/2024,08:40,31/08/2024,09:10,MotorLand Aragón,Gran Premio de Aragón
Aragon,Moto2,Practice 2,Europe/Madrid,31/08/2024,09:25,31/08/2024,09:55,MotorLand Aragón,Gran Premio de Aragón
Aragon,MotoGP,Free Practice 2,Europe/Madrid,31/08/2024,10:10,31/08/2024,10:40,MotorLand Aragón,Gran Premio de Aragón
Aragon,MotoGP,Qualifying 1,Europe/Madrid,31/08/2024,10:50,31/08/2024,11:05,MotorLand Aragón,Gran Premio de Aragón
Aragon,MotoGP,Qualifying 2,Europe/Madrid,31/08/2024,11:15,31/08/2024,11:30,MotorLand Aragón,Gran Premio de Aragón
Aragon,Moto3,Qualifying 1,Europe/Madrid,31/08/2024,12:50,31/08/2024,13:05,MotorLand Aragón,Gran Premio de Aragón
Aragon,Moto3,Qualifying 2,Europe/Madrid,31/08/2024,13:15,31/08/2024,13:30,MotorLand Aragón,Gran Premio de Aragón
Aragon,Moto2,Qualifying 1,Europe/Madrid,31/08/2024,13:45,31/08/2024,14:00,MotorLand Aragón,Gran Premio de Aragón
Aragon,Moto2,Qualifying 2,Europe/Madrid,31/08/2024,14:10,31/08/2024,14:25,MotorLand Aragón,Gran Premio de Aragón
Aragon,MotoGP,Tissot Sprint,Europe/Madrid,31/08/2024,15:00,31/08/2024,15:30,MotorLand Aragón,Gran Premio de Aragón
Aragon,MotoGP,Warm Up,Europe/Madrid,01/09/2024,09:40,01/09/2024,09:50,MotorLand Aragón,Gran Premio de Aragón
Aragon,Moto3,Race,Europe/Madrid,01/09/2024,11:00,01/09/2024,11:30,MotorLand Aragón,Gran Premio de Aragón
Aragon,Moto2,Race,Europe/Madrid,01/09/2024,12:15,01/09/2024,12:55,MotorLand Aragón,Gran Premio de Aragón
Aragon,MotoGP,Race,Europe/Madrid,01/09/2024,14:00,01/09/2024,14:50,MotorLand Aragón,Gran Premio de Aragón
San Marino,Moto3,Free Practice,Europe/Rome,06/09/2024,09:00,06/09/2024,09:35,Misano World Circuit Marco Simoncelli,Gran Premio Red Bull di San Marino e della Riviera di Rimini
San Marino,Moto2,Free Practice,Europe/Rome,06/09/2024,09:50,06/09/2024,10:30,Misano World Circuit Marco Simoncelli,Gran Premio Red Bull di San Marino e della Riviera di Rimini
San Marino,MotoGP,Free Practice 1,Europe/Rome,06/09/2024,10:45,06/09/2024,11:30,Misano World Circuit Marco Simoncelli,Gran Premio Red Bull di San Marino e della Riviera di Rimini
San Marino,Moto3,Practice 1,Europe/Rome,06/09/2024,13:15,06/09/2024,13:50,Misano World Circuit Marco Simoncelli,Gran Premio Red Bull di San Marino e della Riviera di Rimini
San Marino,Moto2,Practice 1,Europe/Rome,06/09/2024,14:05,06/09/2024,14:45,Misano World Circuit Marco Simoncelli,Gran Premio Red Bull di San Marino e della Riviera di Rimini
San Marino,MotoGP,Practice,Europe/Rome,06/09/2024,15:00,06/09/2024,16:00,Misano World Circuit Marco Simoncelli,Gran Premio Red Bull di San Marino e della Riviera di Rimini
San Marino,Moto3,Practice 2,Europe/Rome,07/09/2024,08:40,07/09/2024,09:10,Misano World Circuit Marco Simoncelli,Gran Premio Red Bull di San Marino e della Riviera di Rimini
San Marino,Moto2,Practice 2,Europe/Rome,07/09/2024,09:25,07/09/2024,09:55,Misano World Circuit Marco Simoncelli,Gran Premio Red Bull di San Marino e della Riviera di Rimini
San Marino,MotoGP,Free Practice 2,Europe/Rome,07/09/2024,10:10,07/09/2024,10:40,Misano World Circuit Marco Simoncelli,Gran Premio Red Bull di San Marino e della Riviera di Rimini
San Marino,MotoGP,Qualifying 1,Europe/Rome,07/09/2024,10:50,07/09/2024,11:05,Misano World Circuit Marco Simoncelli,Gran Premio Red Bull di San Marino e della Riviera di Rimini
San Marino,MotoGP,Qualifying 2,Europe/Rome,07/09/2024,11:15,07/09/2024,11:30,Misano World Circuit Marco Simoncelli,Gran Premio Red Bull di San Marino e della Riviera di Rimini
San Marino,Moto3,Qualifying 1,Europe/Rome,07/09/2024,12:50,07/09/2024,13:05,Misano World Circuit Marco Simoncelli,Gran Premio Red Bull di San Marino e della Riviera di Rimini
San Marino,Moto3,Qualifying 2,Europe/Rome,07/09/2024,13:15,07/09/2024,13:30,Misano World Circuit Marco Simoncelli,Gran Premio Red Bull di San Marino e della Riviera di Rimini
San Marino,Moto2,Qualifying 1,Europe/Rome,07/09/2024,13:45,07/09/2024,14:00,Misano World Circuit Marco Simoncelli,Gran Premio Red Bull di San Marino e della Riviera di Rimini
San Marino,Moto2,Qualifying 2,Europe/Rome,07/09/2024,14:10,07/09/2024,14:25,Misano World Circuit Marco Simoncelli,Gran Premio Red Bull di San Marino e della Riviera di Rimini
San Marino,MotoGP,Tissot Sprint,Europe/Rome,07/09/2024,15:00,07/09/2024,15:30,Misano World Circuit Marco Simoncelli,Gran Premio Red Bull di San Marino e della Riviera di Rimini
San Marino,MotoGP,Warm Up,Europe/Rome,08/09/2024,09:40,08/09/2024,09:50,Misano World Circuit Marco Simoncelli,Gran Premio Red Bull di San Marino e della Riviera di Rimini
San Marino,Moto3,Race,Europe/Rome,08/09/2024,11:00,08/09/2024,11:30,Misano World Circuit Marco Simoncelli,Gran Premio Red Bull di San Marino e della Riviera di Rimini
San Marino,Moto2,Race,Europe/Rome,08/09/2024,12:15,08/09/2024,12:55,Misano World Circuit Marco Simoncelli,Gran Premio Red Bull di San Marino e della Riviera di Rimini
San Marino,MotoGP,Race,Europe/Rome,08/09/2024,14:00,08/09/2024,14:50,Misano World Circuit Marco Simoncelli,Gran Premio Red Bull di San Marino e della Riviera di Rimini
Misano,MotoGP,Testing,Europe/Rome,09/09/2024,,09/09/2024,,Misano World Circuit Marco Simoncelli,Misano MotoGP Official Test
India,Moto3,Free Practice,Asia/Kolkata,20/09/2024,09:30,20/09/2024,10:20,Buddh International Circuit,Grand Prix of India
India,Moto2,Free Practice,Asia/Kolkata,20/09/2024,10:35,20/09/2024,11:30,Buddh International Circuit,Grand Prix of India
India,MotoGP,Free Practice 1,Asia/Kolkata,20/09/2024,11:45,20/09/2024,12:55,Buddh International Circuit,Grand Prix of India
India,Moto3,Practice 1,Asia/Kolkata,20/09/2024,13:45,20/09/2024,14:35,Buddh International Circuit,Grand Prix of India
India,Moto2,Practice 1,Asia/Kolkata,20/09/2024,14:50,20/09/2024,15:45,Buddh International Circuit,Grand Prix of India
India,MotoGP,Practice,Asia/Kolkata,20/09/2024,16:00,20/09/2024,17:10,Buddh International Circuit,Grand Prix of India
India,Moto3,Practice 2,Asia/Kolkata,21/09/2024,09:10,21/09/2024,09:40,Buddh International Circuit,Grand Prix of India
India,Moto2,Practice 2,Asia/Kolkata,21/09/2024,09:55,21/09/2024,10:25,Buddh International Circuit,Grand Prix of India
India,MotoGP,Free Practice 2,Asia/Kolkata,21/09/2024,10:40,21/09/2024,11:10,Buddh International Circuit,Grand Prix of India
India,MotoGP,Qualifying 1,Asia/Kolkata,21/09/2024,11:15,21/09/2024,11:30,Buddh International Circuit,Grand Prix of India
India,MotoGP,Qualifying 2,Asia/Kolkata,21/09/2024,11:45,21/09/2024,12:00,Buddh International Circuit,Grand Prix of India
India,Moto3,Qualifying 1,Asia/Kolkata,21/09/2024,13:20,21/09/2024,13:35,Buddh International Circuit,Grand Prix of India
India,Moto3,Qualifying 2,Asia/Kolkata,21/09/2024,13:45,21/09/2024,14:00,Buddh International Circuit,Grand Prix of India
India,Moto2,Qualifying 1,Asia/Kolkata,21/09/2024,14:15,21/09/2024,14:30,Buddh International Circuit,Grand Prix of India
India,Moto2,Qualifying 2,Asia/Kolkata,21/09/2024,14:40,21/09/2024,14:55,Buddh International Circuit,Grand Prix of India
India,MotoGP,Tissot Sprint,Asia/Kolkata,21/09/2024,15:30,21/09/2024,16:00,Buddh International Circuit,Grand Prix of India
India,MotoGP,Warm Up,Asia/Kolkata,22/09/2024,11:10,22/09/2024,11:20,Buddh International Circuit,Grand Prix of India
India,Moto3,Race,Asia/Kolkata,22/09/2024,12:30,22/09/2024,13:00,Buddh International Circuit,Grand Prix of India
India,Moto2,Race,Asia/Kolkata,22/09/2024,13:45,22/09/2024,14:25,Buddh International Circuit,Grand Prix of India
India,MotoGP,Race,Asia/Kolkata,22/09/2024,15:30,22/09/2024,16:20,Buddh International Circuit,Grand Prix of India
Indonesia,Moto3,Free Practice,Asia/Jakarta,27/09/2024,09:00,27/09/2024,09:35,Mandalika International Street Circuit,Pertamina Grand Prix of Indonesia
Indonesia,Moto2,Free Practice,Asia/Jakarta,27/09/2024,09:50,27/09/2024,10:30,Mandalika International Street Circuit,Pertamina Grand Prix of Indonesia
Indonesia,MotoGP,Free Practice 1,Asia/Jakarta,27/09/2024,10:45,27/09/2024,11:30,Mandalika International Street Circuit,Pertamina Grand Prix of Indonesia
Indonesia,Moto3,Practice 1,Asia/Jakarta,27/09/2024,13:15,27/09/2024,13:50,Mandalika International Street Circuit,Pertamina Grand Prix of Indonesia
Indonesia,Moto2,Practice 1,Asia/Jakarta,27/09/2024,14:05,27/09/2024,14:45,Mandalika International Street Circuit,Pertamina Grand Prix of Indonesia
Indonesia,MotoGP,Practice,Asia/Jakarta,27/09/2024,15:00,27/09/2024,16:00,Mandalika International Street Circuit,Pertamina Grand Prix of Indonesia
Indonesia,Moto3,Practice 2,Asia/Jakarta,28/09/2024,08:40,28/09/2024,09:10,Mandalika International Street Circuit,Pertamina Grand Prix of Indonesia
Indonesia,Moto2,Practice 2,Asia/Jakarta,28/09/2024,09:25,28/09/2024,09:55,Mandalika International Street Circuit,Pertamina Grand Prix of Indonesia
Indonesia,MotoGP,Free Practice 2,Asia/Jakarta,28/09/2024,10:10,28/09/2024,10:40,Mandalika International Street Circuit,Pertamina Grand Prix of Indonesia
Indonesia,MotoGP,Qualifying 1,Asia/Jakarta,28/09/2024,10:50,28/09/2024,11:05,Mandalika International Street Circuit,Pertamina Grand Prix of Indonesia
Indonesia,MotoGP,Qualifying 2,Asia/Jakarta,28/09/2024,11:15,28/09/2024,11:30,Mandalika International Street Circuit,Pertamina Grand Prix of Indonesia
Indonesia,Moto3,Qualifying 1,Asia/Jakarta,28/09/2024,12:50,28/09/2024,13:05,Mandalika International Street Circuit,Pertamina Grand Prix of Indonesia
Indonesia,Moto3,Qualifying 2,Asia/Jakarta,28/09/2024,13:15,28/09/2024,13:30,Mandalika International Street Circuit,Pertamina Grand Prix of Indonesia
Indonesia,Moto2,Qualifying 1,Asia/Jakarta,28/09/2024,13:45,28/09/2024,14:00,Mandalika International Street Circuit,Pertamina Grand Prix of Indonesia
Indonesia,Moto2,Qualifying 2,Asia/Jakarta,28/09/2024,14:10,28/09/2024,14:25,Mandalika International Street Circuit,Pertamina Grand Prix of Indonesia
Indonesia,MotoGP,Tissot Sprint,Asia/Jakarta,28/09/2024,15:00,28/09/2024,15:30,Mandalika International Street Circuit,Pertamina Grand Prix of Indonesia
Indonesia,MotoGP,Warm Up,Asia/Jakarta,29/09/2024,10:40,29/09/2024,10:50,Mandalika International Street Circuit,Pertamina Grand Prix of Indonesia
Indonesia,Moto3,Race,Asia/Jakarta,29/09/2024,12:00,29/09/2024,12:30,Mandalika International Street Circuit,Pertamina Grand Prix of Indonesia
Indonesia,Moto2,Race,Asia/Jakarta,29/09/2024,13:15,29/09/2024,13:55,Mandalika International Street Circuit,Pertamina Grand Prix of Indonesia
Indonesia,MotoGP,Race,Asia/Jakarta,29/09/2024,15:00,29/09/2024,15:50,Mandalika International Street Circuit,Pertamina Grand Prix of Indonesia
Japan,Moto3,Free Practice,Asia/Tokyo,04/10/2024,09:00,04/10/2024,09:35,Mobility Resort Motegi,Motul Grand Prix of Japan
Japan,Moto2,Free Practice,Asia/Tokyo,04/10/2024,09:50,04/10/2024,10:30,Mobility Resort Motegi,Motul Grand Prix of Japan
Japan,MotoGP,Free Practice 1,Asia/Tokyo,04/10/2024,10:45,04/10/2024,11:30,Mobility Resort Motegi,Motul Grand Prix of Japan
Japan,Moto3,Practice 1,Asia/Tokyo,04/10/2024,13:15,04/10/2024,13:50,Mobility Resort Motegi,Motul Grand Prix of Japan
Japan,Moto2,Practice 1,Asia/Tokyo,04/10/2024,14:05,04/10/2024,14:45,Mobility Resort Motegi,Motul Grand Prix of Japan
Japan,MotoGP,Practice,Asia/Tokyo,04/10/2024,15:00,04/10/2024,16:00,Mobility Resort Motegi,Motul Grand Prix of Japan
Japan,Moto3,Practice 2,Asia/Tokyo,05/10/2024,08:40,05/10/2024,09:10,Mobility Resort Motegi,Motul Grand Prix of Japan
Japan,Moto2,Practice 2,Asia/Tokyo,05/10/2024,09:25,05/10/2024,09:55,Mobility Resort Motegi,Motul Grand Prix of Japan
Japan,MotoGP,Free Practice 2,Asia/Tokyo,05/10/2024,10:10,05/10/2024,10:40,Mobility Resort Motegi,Motul Grand Prix of Japan
Japan,MotoGP,Qualifying 1,Asia/Tokyo,05/10/2024,10:50,05/10/2024,11:05,Mobility Resort Motegi,Motul Grand Prix of Japan
Japan,MotoGP,Qualifying 2,Asia/Tokyo,05/10/2024,11:15,05/10/2024,11:30,Mobility Resort Motegi,Motul Grand Prix of Japan
Japan,Moto3,Qualifying 1,Asia/Tokyo,05/10/2024,12:50,05/10/2024,13:05,Mobility Resort Motegi,Motul Grand Prix of Japan
Japan,Moto3,Qualifying 2,Asia/Tokyo,05/10/2024,13:15,05/10/2024,13:30,Mobility Resort Motegi,Motul Grand Prix of Japan
Japan,Moto2,Qualifying 1,Asia/Tokyo,05/10/2024,13:45,05/10/2024,14:00,Mobility Resort Motegi,Motul Grand Prix of Japan
Japan,Moto2,Qualifying 2,Asia/Tokyo,05/10/2024,14:10,05/10/2024,14:25,Mobility Resort Motegi,Motul Grand Prix of Japan
Japan,MotoGP,Tissot Sprint,Asia/Tokyo,05/10/2024,15:00,05/10/2024,15:30,Mobility Resort Motegi,Motul Grand Prix of Japan
Japan,MotoGP,Warm Up,Asia/Tokyo,06/10/2024,09:40,06/10/2024,09:50,Mobility Resort Motegi,Motul Grand Prix of Japan
Japan,Moto3,Race,Asia/Tokyo,06/10/2024,11:00,06/10/2024,11:30,Mobility Resort Motegi,Motul Grand Prix of Japan
Japan,Moto2,Race,Asia/Tokyo,06/10/2024,12:15,06/10/2024,12:55,Mobility Resort Motegi,Motul Grand Prix of Japan
Japan,MotoGP,Race,Asia/Tokyo,06/10/2024,14:00,06/10/2024,14:50,Mobility Resort Motegi,Motul Grand Prix of Japan
Australia,Moto3,Free Practice,Australia/Melbourne,18/10/2024,09:00,18/10/2024,09:35,Phillip Island,Australian Motorcycle Grand Prix
Australia,Moto2,Free Practice,Australia/Melbourne,18/10/2024,09:50,18/10/2024,10:30,Phillip Island,Australian Motorcycle Grand Prix
Australia,MotoGP,Free Practice 1,Australia/Melbourne,18/10/2024,10:45,18/10/2024,11:30,Phillip Island,Australian Motorcycle Grand Prix
Australia,Moto3,Practice 1,Australia/Melbourne,18/10/2024,13:15,18/10/2024,13:50,Phillip Island,Australian Motorcycle Grand Prix
Australia,Moto2,Practice 1,Australia/Melbourne,18/10/2024,14:05,18/10/2024,14:45,Phillip Island,Australian Motorcycle Grand Prix
Australia,MotoGP,Practice,Australia/Melbourne,18/10/2024,15:00,18/10/2024,16:00,Phillip Island,Australian Motorcycle Grand Prix
Australia,Moto3,Practice 2,Australia/Melbourne,19/10/2024,08:40,19/10/2024,09:10,Phillip Island,Australian Motorcycle Grand Prix
Australia,Moto2,Practice 2,Australia/Melbourne,19/10/2024,09:25,19/10/2024,09:55,Phillip Island,Australian Motorcycle Grand Prix
Australia,MotoGP,Free Practice 2,Australia/Melbourne,19/10/2024,10:10,19/10/2024,10:40,Phillip Island,Australian Motorcycle Grand Prix
Australia,MotoGP,Qualifying 1,Australia/Melbourne,19/10/2024,10:50,19/10/2024,11:05,Phillip Island,Australian Motorcycle Grand Prix
Australia,MotoGP,Qualifying 2,Australia/Melbourne,19/10/2024,11:15,19/10/2024,11:30,Phillip Island,Australian Motorcycle Grand Prix
Australia,Moto3,Qualifying 1,Australia/Melbourne,19/10/2024,12:50,19/10/2024,13:05,Phillip Island,Australian Motorcycle Grand Prix
Australia,Moto3,Qualifying 2,Australia/Melbourne,19/10/2024,13:15,19/10/2024,13:30,Phillip Island,Australian Motorcycle Grand Prix
Australia,Moto2,Qualifying 1,Australia/Melbourne,19/10/2024,13:45,19/10/2024,14:00,Phillip Island,Australian Motorcycle Grand Prix
Australia,Moto2,Qualifying 2,Australia/Melbourne,19/10/2024,14:10,19/10/2024,14:25,Phillip Island,Australian Motorcycle Grand Prix
Australia,MotoGP,Tissot Sprint,Australia/Melbourne,19/10/2024,15:00,19/10/2024,15:30,Phillip Island,Australian Motorcycle Grand Prix
Australia,MotoGP,Warm Up,Australia/Melbourne,20/10/2024,09:40,20/10/2024,09:50,Phillip Island,Australian Motorcycle Grand Prix
Australia,Moto3,Race,Australia/Melbourne,20/10/2024,11:00,20/10/2024,11:30,Phillip Island,Australian Motorcycle Grand Prix
Australia,Moto2,Race,Australia/Melbourne,20/10/2024,13:15,20/10/2024,13:55,Phillip Island,Australian Motorcycle Grand Prix
Australia,MotoGP,Race,Australia/Melbourne,20/10/2024,14:00,20/10/2024,14:50,Phillip Island,Australian Motorcycle Grand Prix
Thailand,Moto3,Free Practice,Asia/Bangkok,25/10/2024,09:00,25/10/2024,09:35,Chang International Circuit,OR Thailand Grand Prix
Thailand,Moto2,Free Practice,Asia/Bangkok,25/10/2024,09:50,25/10/2024,10:30,Chang International Circuit,OR Thailand Grand Prix
Thailand,MotoGP,Free Practice 1,Asia/Bangkok,25/10/2024,10:45,25/10/2024,11:30,Chang International Circuit,OR Thailand Grand Prix
Thailand,Moto3,Practice 1,Asia/Bangkok,25/10/2024,13:15,25/10/2024,13:50,Chang International Circuit,OR Thailand Grand Prix
Thailand,Moto2,Practice 1,Asia/Bangkok,25/10/2024,14:05,25/10/2024,14:45,Chang International Circuit,OR Thailand Grand Prix
Thailand,MotoGP,Practice,Asia/Bangkok,25/10/2024,15:00,25/10/2024,16:00,Chang International Circuit,OR Thailand Grand Prix
Thailand,Moto3,Practice 2,Asia/Bangkok,26/10/2024,08:40,26/10/2024,09:10,Chang International Circuit,OR Thailand Grand Prix
Thailand,Moto2,Practice 2,Asia/Bangkok,26/10/2024,09:25,26/10/2024,09:55,Chang International Circuit,OR Thailand Grand Prix
Thailand,MotoGP,Free Practice 2,Asia/Bangkok,26/10/2024,10:10,26/10/2024,10:40,Chang International Circuit,OR Thailand Grand Prix
Thailand,MotoGP,Qualifying 1,Asia/Bangkok,26/10/2024,10:50,26/10/2024,11:05,Chang International Circuit,OR Thailand Grand Prix
Thailand,MotoGP,Qualifying 2,Asia/Bangkok,26/10/2024,11:15,26/10/2024,11:30,Chang International Circuit,OR Thailand Grand Prix
Thailand,Moto3,Qualifying 1,Asia/Bangkok,26/10/2024,12:50,26/10/2024,13:05,Chang International Circuit,OR Thailand Grand Prix
Thailand,Moto3,Qualifying 2,Asia/Bangkok,26/10/2024,13:15,26/10/2024,13:30,Chang International Circuit,OR Thailand Grand Prix
Thailand,Moto2,Qualifying 1,Asia/Bangkok,26/10/2024,13:45,26/10/2024,14:00,Chang International Circuit,OR Thailand Grand Prix
Thailand,Moto2,Qualifying 2,Asia/Bangkok,26/10/2024,14:10,26/10/2024,14:25,Chang International Circuit,OR Thailand Grand Prix
Thailand,MotoGP,Tissot Sprint,Asia/Bangkok,26/10/2024,15:00,26/10/2024,15:30,Chang International Circuit,OR Thailand Grand Prix
Thailand,MotoGP,Warm Up,Asia/Bangkok,27/10/2024,10:40,27/10/2024,10:50,Chang International Circuit,OR Thailand Grand Prix
Thailand,Moto3,Race,Asia/Bangkok,27/10/2024,12:00,27/10/2024,12:30,Chang International Circuit,OR Thailand Grand Prix
Thailand,Moto2,Race,Asia/Bangkok,27/10/2024,13:15,27/10/2024,13:55,Chang International Circuit,OR Thailand Grand Prix
Thailand,MotoGP,Race,Asia/Bangkok,27/10/2024,15:00,27/10/2024,15:50,Chang International Circuit,OR Thailand Grand Prix
Malaysia,Moto3,Free Practice,Asia/Kuala_Lumpur,01/11/2024,09:00,01/11/2024,09:35,Sepang International Circuit,PETRONAS Grand Prix of Malaysia
Malaysia,Moto2,Free Practice,Asia/Kuala_Lumpur,01/11/2024,09:50,01/11/2024,10:30,Sepang International Circuit,PETRONAS Grand Prix of Malaysia
Malaysia,MotoGP,Free Practice 1,Asia/Kuala_Lumpur,01/11/2024,10:45,01/11/2024,11:30,Sepang International Circuit,PETRONAS Grand Prix of Malaysia
Malaysia,Moto3,Practice 1,Asia/Kuala_Lumpur,01/11/2024,13:15,01/11/2024,13:50,Sepang International Circuit,PETRONAS Grand Prix of Malaysia
Malaysia,Moto2,Practice 1,Asia/Kuala_Lumpur,01/11/2024,14:05,01/11/2024,14:45,Sepang International Circuit,PETRONAS Grand Prix of Malaysia
Malaysia,MotoGP,Practice,Asia/Kuala_Lumpur,01/11/2024,15:00,01/11/2024,16:00,Sepang International Circuit,PETRONAS Grand Prix of Malaysia
Malaysia,Moto3,Practice 2,Asia/Kuala_Lumpur,02/11/2024,08:40,02/11/2024,09:10,Sepang International Circuit,PETRONAS Grand Prix of Malaysia
Malaysia,Moto2,Practice 2,Asia/Kuala_Lumpur,02/11/2024,09:25,02/11/2024,09:55,Sepang International Circuit,PETRONAS Grand Prix of Malaysia
Malaysia,MotoGP,Free Practice 2,Asia/Kuala_Lumpur,02/11/2024,10:10,02/11/2024,10:40,Sepang International Circuit,PETRONAS Grand Prix of Malaysia
Malaysia,MotoGP,Qualifying 1,Asia/Kuala_Lumpur,02/11/2024,10:50,02/11/2024,11:05,Sepang International Circuit,PETRONAS Grand Prix of Malaysia
Malaysia,MotoGP,Qualifying 2,Asia/Kuala_Lumpur,02/11/2024,11:15,02/11/2024,11:30,Sepang International Circuit,PETRONAS Grand Prix of Malaysia
Malaysia,Moto3,Qualifying 1,Asia/Kuala_Lumpur,02/11/2024,12:50,02/11/2024,13:05,Sepang International Circuit,PETRONAS Grand Prix of Malaysia
Malaysia,Moto3,Qualifying 2,Asia/Kuala_Lumpur,02/11/2024,13:15,02/11/2024,13:30,Sepang International Circuit,PETRONAS Grand Prix of Malaysia
Malaysia,Moto2,Qualifying 1,Asia/Kuala_Lumpur,02/11/2024,13:45,02/11/2024,14:00,Sepang International Circuit,PETRONAS Grand Prix of Malaysia
Malaysia,Moto2,Qualifying 2,Asia/Kuala_Lumpur,02/11/2024,14:10,02/11/2024,14:25,Sepang International Circuit,PETRONAS Grand Prix of Malaysia
Malaysia,MotoGP,Tissot Sprint,Asia/Kuala_Lumpur,02/11/2024,15:00,02/11/2024,15:30,Sepang International Circuit,PETRONAS Grand Prix of Malaysia
Malaysia,MotoGP,Warm Up,Asia/Kuala_Lumpur,03/11/2024,10:40,03/11/2024,10:50,Sepang International Circuit,PETRONAS Grand Prix of Malaysia
Malaysia,Moto3,Race,Asia/Kuala_Lumpur,03/11/2024,12:00,03/11/2024,12:30,Sepang International Circuit,PETRONAS Grand Prix of Malaysia
Malaysia,Moto2,Race,Asia/Kuala_Lumpur,03/11/2024,13:15,03/11/2024,13:55,Sepang International Circuit,PETRONAS Grand Prix of Malaysia
Malaysia,MotoGP,Race,Asia/Kuala_Lumpur,03/11/2024,15:00,03/11/2024,15:50,Sepang International Circuit,PETRONAS Grand Prix of Malaysia
Valencia,Moto3,Free Practice,Europe/Madrid,15/11/2024,09:00,15/11/2024,09:35,Circuit Ricardo Tormo,Gran Premio Motul de la Comunitat Valenciana
Valencia,Moto2,Free Practice,Europe/Madrid,15/11/2024,09:50,15/11/2024,10:30,Circuit Ricardo Tormo,Gran Premio Motul de la Comunitat Valenciana
Valencia,MotoGP,Free Practice 1,Europe/Madrid,15/11/2024,10:45,15/11/2024,11:30,Circuit Ricardo Tormo,Gran Premio Motul de la Comunitat Valenciana
Valencia,Moto3,Practice 1,Europe/Madrid,15/11/2024,13:15,15/11/2024,13:50,Circuit Ricardo Tormo,Gran Premio Motul de la Comunitat Valenciana
Valencia,Moto2,Practice 1,Europe/Madrid,15/11/2024,14:05,15/11/2024,14:45,Circuit Ricardo Tormo,Gran Premio Motul de la Comunitat Valenciana
Valencia,MotoGP,Practice,Europe/Madrid,15/11/2024,15:00,15/11/2024,16:00,Circuit Ricardo Tormo,Gran Premio Motul de la Comunitat Valenciana
Valencia,Moto3,Practice 2,Europe/Madrid,16/11/2024,08:40,16/11/2024,09:10,Circuit Ricardo Tormo,Gran Premio Motul de la Comunitat Valenciana
Valencia,Moto2,Practice 2,Europe/Madrid,16/11/2024,09:25,16/11/2024,09:55,Circuit Ricardo Tormo,Gran Premio Motul de la Comunitat Valenciana
Valencia,MotoGP,Free Practice 2,Europe/Madrid,16/11/2024,10:10,16/11/2024,10:40,Circuit Ricardo Tormo,Gran Premio Motul de la Comunitat Valenciana
Valencia,MotoGP,Qualifying 1,Europe/Madrid,16/11/2024,10:50,16/11/2024,11:05,Circuit Ricardo Tormo,Gran Premio Motul de la Comunitat Valenciana
Valencia,MotoGP,Qualifying 2,Europe/Madrid,16/11/2024,11:15,16/11/2024,11:30,Circuit Ricardo Tormo,Gran Premio Motul de la Comunitat Valenciana
Valencia,Moto3,Qualifying 1,Europe/Madrid,16/11/2024,12:50,16/11/2024,13:05,Circuit Ricardo Tormo,Gran Premio Motul de la Comunitat Valenciana
Valencia,Moto3,Qualifying 2,Europe/Madrid,16/11/2024,13:15,16/11/2024,13:30,Circuit Ricardo Tormo,Gran Premio Motul de la Comunitat Valenciana
Valencia,Moto2,Qualifying 1,Europe/Madrid,16/11/2024,13:45,16/11/2024,14:00,Circuit Ricardo Tormo,Gran Premio Motul de la Comunitat Valenciana
Valencia,Moto2,Qualifying 2,Europe/Madrid,16/11/2024,14:10,16/11/2024,14:25,Circuit Ricardo Tormo,Gran Premio Motul de la Comunitat Valenciana
Valencia,MotoGP,Tissot Sprint,Europe/Madrid,16/11/2024,15:00,16/11/2024,15:30,Circuit Ricardo Tormo,Gran Premio Motul de la Comunitat Valenciana
Valencia,MotoGP,Warm Up,Europe/Madrid,17/11/2024,09:40,17/11/2024,09:50,Circuit Ricardo Tormo,Gran Premio Motul de la Comunitat Valenciana
Valencia,Moto3,Race,Europe/Madrid,17/11/2024,11:00,17/11/2024,11:30,Circuit Ricardo Tormo,Gran Premio Motul de la Comunitat Valenciana
Valencia,Moto2,Race,Europe/Madrid,17/11/2024,12:15,17/11/2024,12:55,Circuit Ricardo Tormo,Gran Premio Motul de la Comunitat Valenciana
Valencia,MotoGP,Race,Europe/Madrid,17/11/2024,14:00,17/11/2024,14:50,Circuit Ricardo Tormo,Gran Premio Motul de la Comunitat Valenciana